NBA_ID,LAST_NAME,FIRST_NAME,FULL_NAME,IS_ACTIVE,IMAGE_URL
1630173,Achiuwa,Precious,Precious Achiuwa,True,https://cdn.nba.com/headshots/nba/latest/1040x760/1630173.png
203500,Adams,Steven,Steven Adams,True,https://cdn.nba.com/headshots/nba/latest/1040x760/203500.png
1628389,Adebayo,Bam,Bam Adebayo,True,https://cdn.nba.com/headshots/nba/latest/1040x760/1628389.png
1630534,Agbaji,Ochai,Ochai Agbaji,True,https://cdn.nba.com/headshots/nba/latest/1040x760/1630534.png
1630583,Aldama,Santi,Santi Aldama,True,https://cdn.nba.com/headshots/nba/latest/1040x760/1630583.png
1629638,Alexander-Walker,Nickeil,Nickeil Alexander-Walker,True,https://cdn.nba.com/headshots/nba/latest/1040x760/1629638.png
1628960,Allen,Grayson,Grayson Allen,True,https://cdn.nba.com/headshots/nba/latest/1040x760/1628960.png
1628386,Allen,Jarrett,Jarrett Allen,True,https://cdn.nba.com/headshots/nba/latest/1040x760/1628386.png
1630631,Alvarado,Jose,Jose Alvarado,True,https://cdn.nba.com/headshots/nba/latest/1040x760/1630631.png
203937,Anderson,Kyle,Kyle Anderson,True,https://cdn.nba.com/headshots/nba/latest/1040x760/203937.png
203507,Antetokounmpo,Giannis,Giannis Antetokounmpo,True,https://cdn.nba.com/headshots/nba/latest/1040x760/203507.png
203648,Antetokounmpo,Thanasis,Thanasis Antetokounmpo,True,https://cdn.nba.com/headshots/nba/latest/1040x760/203648.png
1630175,Anthony,Cole,Cole Anthony,True,https://cdn.nba.com/headshots/nba/latest/1040x760/1630175.png
1628384,Anunoby,OG,OG Anunoby,True,https://cdn.nba.com/headshots/nba/latest/1040x760/1628384.png
1627853,Arcidiacono,Ryan,Ryan Arcidiacono,True,https://cdn.nba.com/headshots/nba/latest/1040x760/1627853.png
1630166,Avdija,Deni,Deni Avdija,True,https://cdn.nba.com/headshots/nba/latest/1040x760/1630166.png
1629028,Ayton,Deandre,Deandre Ayton,True,https://cdn.nba.com/headshots/nba/latest/1040x760/1629028.png
1628962,Azubuike,Udoka,Udoka Azubuike,True,https://cdn.nba.com/headshots/nba/latest/1040x760/1628962.png
1628963,Bagley,Marvin,Marvin Bagley,True,https://cdn.nba.com/headshots/nba/latest/1040x760/1628963.png
1641735,Bailey,Amari,Amari Bailey,True,https://cdn.nba.com/headshots/nba/latest/1040x760/1641735.png
1631116,Baldwin Jr,Patrick,Patrick Baldwin Jr,True,https://cdn.nba.com/headshots/nba/latest/1040x760/1631116.png
1630163,Ball,LaMelo,LaMelo Ball,True,https://cdn.nba.com/headshots/nba/latest/1040x760/1630163.png
1628366,Ball,Lonzo,Lonzo Ball,True,https://cdn.nba.com/headshots/nba/latest/1040x760/1628366.png
1628964,Bamba,Mo,Mo Bamba,True,https://cdn.nba.com/headshots/nba/latest/1040x760/1628964.png
1631094,Banchero,Paolo,Paolo Banchero,True,https://cdn.nba.com/headshots/nba/latest/1040x760/1631094.png
1630217,Bane,Desmond,Desmond Bane,True,https://cdn.nba.com/headshots/nba/latest/1040x760/1630217.png
1630625,Banton,Dalano,Dalano Banton,True,https://cdn.nba.com/headshots/nba/latest/1040x760/1630625.png
1631230,Barlow,Dominick,Dominick Barlow,True,https://cdn.nba.com/headshots/nba/latest/1040x760/1631230.png
203084,Barnes,Harrison,Harrison Barnes,True,https://cdn.nba.com/headshots/nba/latest/1040x760/203084.png
1630567,Barnes,Scottie,Scottie Barnes,True,https://cdn.nba.com/headshots/nba/latest/1040x760/1630567.png
1629628,Barrett,R.J.,R.J. Barrett,True,https://cdn.nba.com/headshots/nba/latest/1040x760/1629628.png
1629646,Bassey,Charles,Charles Bassey,True,https://cdn.nba.com/headshots/nba/latest/1040x760/1629646.png
1641734,Bates,Emoni,Emoni Bates,True,https://cdn.nba.com/headshots/nba/latest/1040x760/1641734.png
1628966,Bates-Diop,Keita,Keita Bates-Diop,True,https://cdn.nba.com/headshots/nba/latest/1040x760/1628966.png
201587,Batum,Nicolas,Nicolas Batum,True,https://cdn.nba.com/headshots/nba/latest/1040x760/201587.png
203078,Beal,Bradley,Bradley Beal,True,https://cdn.nba.com/headshots/nba/latest/1040x760/203078.png
1627736,Beasley,Malik,Malik Beasley,True,https://cdn.nba.com/headshots/nba/latest/1040x760/1627736.png
1630699,Beauchamp,MarJon,MarJon Beauchamp,True,https://cdn.nba.com/headshots/nba/latest/1040x760/1630699.png
1641777,Bediako,Charles,Charles Bediako,True,https://cdn.nba.com/headshots/nba/latest/1040x760/1641777.png
202722,Bertans,Davis,Davis Bertans,True,https://cdn.nba.com/headshots/nba/latest/1040x760/202722.png
201976,Beverley,Patrick,Patrick Beverley,True,https://cdn.nba.com/headshots/nba/latest/1040x760/201976.png
1630180,Bey,Saddiq,Saddiq Bey,True,https://cdn.nba.com/headshots/nba/latest/1040x760/1630180.png
1629048,Bitadze,Goga,Goga Bitadze,True,https://cdn.nba.com/headshots/nba/latest/1040x760/1629048.png
1641931,Bitim,Onuralp,Onuralp Bitim,True,https://cdn.nba.com/headshots/nba/latest/1040x760/1641931.png
202687,Biyombo,Bismack,Bismack Biyombo,True,https://cdn.nba.com/headshots/nba/latest/1040x760/202687.png
1641710,Black,Anthony,Anthony Black,True,https://cdn.nba.com/headshots/nba/latest/1040x760/1641710.png
1641778,Black,Leaky,Leaky Black,True,https://cdn.nba.com/headshots/nba/latest/1040x760/1641778.png
203992,Bogdanovic,Bogdan,Bogdan Bogdanovic,True,https://cdn.nba.com/headshots/nba/latest/1040x760/203992.png
202711,Bogdanovic,Bojan,Bojan Bogdanovic,True,https://cdn.nba.com/headshots/nba/latest/1040x760/202711.png
1629626,Bol,Bol,Bol Bol,True,https://cdn.nba.com/headshots/nba/latest/1040x760/1629626.png
1629716,Bolden,Marques,Marques Bolden,True,https://cdn.nba.com/headshots/nba/latest/1040x760/1629716.png
1626164,Booker,Devin,Devin Booker,True,https://cdn.nba.com/headshots/nba/latest/1040x760/1626164.png
1630527,Boston Jr,Brandon,Brandon Boston Jr,True,https://cdn.nba.com/headshots/nba/latest/1040x760/1630527.png
1628449,Boucher,Chris,Chris Boucher,True,https://cdn.nba.com/headshots/nba/latest/1040x760/1628449.png
1630547,Bouknight,James,James Bouknight,True,https://cdn.nba.com/headshots/nba/latest/1040x760/1630547.png
1631103,Branham,Malaki,Malaki Branham,True,https://cdn.nba.com/headshots/nba/latest/1040x760/1631103.png
1631128,Braun,Christian,Christian Braun,True,https://cdn.nba.com/headshots/nba/latest/1040x760/1631128.png
1628969,Bridges,Mikal,Mikal Bridges,True,https://cdn.nba.com/headshots/nba/latest/1040x760/1628969.png
1628970,Bridges,Miles,Miles Bridges,True,https://cdn.nba.com/headshots/nba/latest/1040x760/1628970.png
1629052,Brissett,Oshae,Oshae Brissett,True,https://cdn.nba.com/headshots/nba/latest/1040x760/1629052.png
1627763,Brogdon,Malcolm,Malcolm Brogdon,True,https://cdn.nba.com/headshots/nba/latest/1040x760/1627763.png
1629717,Brooks,Armoni,Armoni Brooks,True,https://cdn.nba.com/headshots/nba/latest/1040x760/1629717.png
1628415,Brooks,Dillon,Dillon Brooks,True,https://cdn.nba.com/headshots/nba/latest/1040x760/1628415.png
1628971,Brown,Bruce,Bruce Brown,True,https://cdn.nba.com/headshots/nba/latest/1040x760/1628971.png
1627759,Brown,Jaylen,Jaylen Brown,True,https://cdn.nba.com/headshots/nba/latest/1040x760/1627759.png
1631112,Brown,Kendall,Kendall Brown,True,https://cdn.nba.com/headshots/nba/latest/1040x760/1631112.png
1641738,Brown,Kobe,Kobe Brown,True,https://cdn.nba.com/headshots/nba/latest/1040x760/1641738.png
1629650,Brown,Moses,Moses Brown,True,https://cdn.nba.com/headshots/nba/latest/1040x760/1629650.png
1630535,Brown,Greg,Greg Brown,True,https://cdn.nba.com/headshots/nba/latest/1040x760/1630535.png
1629718,Brown Jr,Charlie,Charlie Brown Jr,True,https://cdn.nba.com/headshots/nba/latest/1040x760/1629718.png
1628972,Brown Jr,Troy,Troy Brown Jr,True,https://cdn.nba.com/headshots/nba/latest/1040x760/1628972.png
1628973,Brunson,Jalen,Jalen Brunson,True,https://cdn.nba.com/headshots/nba/latest/1040x760/1628973.png
1628418,Bryant,Thomas,Thomas Bryant,True,https://cdn.nba.com/headshots/nba/latest/1040x760/1628418.png
1641723,Bufkin,Kobe,Kobe Bufkin,True,https://cdn.nba.com/headshots/nba/latest/1040x760/1641723.png
203493,Bullock Jr,Reggie,Reggie Bullock Jr,True,https://cdn.nba.com/headshots/nba/latest/1040x760/203493.png
202692,Burks,Alec,Alec Burks,True,https://cdn.nba.com/headshots/nba/latest/1040x760/202692.png
1630215,Butler,Jared,Jared Butler,True,https://cdn.nba.com/headshots/nba/latest/1040x760/1630215.png
202710,Butler,Jimmy,Jimmy Butler,True,https://cdn.nba.com/headshots/nba/latest/1040x760/202710.png
1631219,Butler Jr,John,John Butler Jr,True,https://cdn.nba.com/headshots/nba/latest/1040x760/1631219.png
1631288,Cain,Jamal,Jamal Cain,True,https://cdn.nba.com/headshots/nba/latest/1040x760/1631288.png
203484,Caldwell-Pope,Kentavious,Kentavious Caldwell-Pope,True,https://cdn.nba.com/headshots/nba/latest/1040x760/203484.png
1641739,Camara,Toumani,Toumani Camara,True,https://cdn.nba.com/headshots/nba/latest/1040x760/1641739.png
1628427,Cancar,Vlatko,Vlatko Cancar,True,https://cdn.nba.com/headshots/nba/latest/1040x760/1628427.png
203991,Capela,Clint,Clint Capela,True,https://cdn.nba.com/headshots/nba/latest/1040x760/203991.png
1628975,Carter,Jevon,Jevon Carter,True,https://cdn.nba.com/headshots/nba/latest/1040x760/1628975.png
1628976,Carter Jr,Wendell,Wendell Carter Jr,True,https://cdn.nba.com/headshots/nba/latest/1040x760/1628976.png
1627936,Caruso,Alex,Alex Caruso,True,https://cdn.nba.com/headshots/nba/latest/1040x760/1627936.png
1630658,Castleton,Colin,Colin Castleton,True,https://cdn.nba.com/headshots/nba/latest/1040x760/1630658.png
1630608,Cazalon,Malcolm,Malcolm Cazalon,True,https://cdn.nba.com/headshots/nba/latest/1040x760/1630608.png
1630577,Champagnie,Julian,Julian Champagnie,True,https://cdn.nba.com/headshots/nba/latest/1040x760/1630577.png
1631108,Christie,Max,Max Christie,True,https://cdn.nba.com/headshots/nba/latest/1040x760/1631108.png
1630528,Christopher,Josh,Josh Christopher,True,https://cdn.nba.com/headshots/nba/latest/1040x760/1630528.png
1631321,Cissoko,Sidy,Sidy Cissoko,True,https://cdn.nba.com/headshots/nba/latest/1040x760/1631321.png
1641740,Clark,Jaylen,Jaylen Clark,True,https://cdn.nba.com/headshots/nba/latest/1040x760/1641740.png
1629634,Clarke,Brandon,Brandon Clarke,True,https://cdn.nba.com/headshots/nba/latest/1040x760/1629634.png
203903,Clarkson,Jordan,Jordan Clarkson,True,https://cdn.nba.com/headshots/nba/latest/1040x760/203903.png
1629651,Claxton,Nicolas,Nicolas Claxton,True,https://cdn.nba.com/headshots/nba/latest/1040x760/1629651.png
1641730,Clowney,Noah,Noah Clowney,True,https://cdn.nba.com/headshots/nba/latest/1040x760/1641730.png
1629599,Coffey,Amir,Amir Coffey,True,https://cdn.nba.com/headshots/nba/latest/1040x760/1629599.png
1628381,Collins,John,John Collins,True,https://cdn.nba.com/headshots/nba/latest/1040x760/1628381.png
1628380,Collins,Zach,Zach Collins,True,https://cdn.nba.com/headshots/nba/latest/1040x760/1628380.png
201144,Conley,Mike,Mike Conley,True,https://cdn.nba.com/headshots/nba/latest/1040x760/201144.png
1626192,Connaughton,Pat,Pat Connaughton,True,https://cdn.nba.com/headshots/nba/latest/1040x760/1626192.png
1641731,Coulibaly,Bilal,Bilal Coulibaly,True,https://cdn.nba.com/headshots/nba/latest/1040x760/1641731.png
1641741,Council IV,Ricky,Ricky Council IV,True,https://cdn.nba.com/headshots/nba/latest/1040x760/1641741.png
203496,Covington,Robert,Robert Covington,True,https://cdn.nba.com/headshots/nba/latest/1040x760/203496.png
1628470,Craig,Torrey,Torrey Craig,True,https://cdn.nba.com/headshots/nba/latest/1040x760/1628470.png
203109,Crowder,Jae,Jae Crowder,True,https://cdn.nba.com/headshots/nba/latest/1040x760/203109.png
1630595,Cunningham,Cade,Cade Cunningham,True,https://cdn.nba.com/headshots/nba/latest/1040x760/1630595.png
203552,Curry,Seth,Seth Curry,True,https://cdn.nba.com/headshots/nba/latest/1040x760/203552.png
201939,Curry,Stephen,Stephen Curry,True,https://cdn.nba.com/headshots/nba/latest/1040x760/201939.png
1630700,Daniels,Dyson,Dyson Daniels,True,https://cdn.nba.com/headshots/nba/latest/1040x760/1630700.png
203076,Davis,Anthony,Anthony Davis,True,https://cdn.nba.com/headshots/nba/latest/1040x760/203076.png
1631098,Davis,Johnny,Johnny Davis,True,https://cdn.nba.com/headshots/nba/latest/1040x760/1631098.png
1631120,Davison,JD,JD Davison,True,https://cdn.nba.com/headshots/nba/latest/1040x760/1631120.png
201942,DeRozan,DeMar,DeMar DeRozan,True,https://cdn.nba.com/headshots/nba/latest/1040x760/201942.png
1641926,Dennis,Dexter,Dexter Dennis,True,https://cdn.nba.com/headshots/nba/latest/1040x760/1641926.png
1628978,DiVincenzo,Donte,Donte DiVincenzo,True,https://cdn.nba.com/headshots/nba/latest/1040x760/1628978.png
1631217,Diabate,Moussa,Moussa Diabate,True,https://cdn.nba.com/headshots/nba/latest/1040x760/1631217.png
1641711,Dick,Gradey,Gradey Dick,True,https://cdn.nba.com/headshots/nba/latest/1040x760/1641711.png
1631172,Dieng,Ousmane,Ousmane Dieng,True,https://cdn.nba.com/headshots/nba/latest/1040x760/1631172.png
203915,Dinwiddie,Spencer,Spencer Dinwiddie,True,https://cdn.nba.com/headshots/nba/latest/1040x760/203915.png
1629029,Doncic,Luka,Luka Doncic,True,https://cdn.nba.com/headshots/nba/latest/1040x760/1629029.png
1629652,Dort,Luguentz,Luguentz Dort,True,https://cdn.nba.com/headshots/nba/latest/1040x760/1629652.png
1630245,Dosunmu,Ayo,Ayo Dosunmu,True,https://cdn.nba.com/headshots/nba/latest/1040x760/1630245.png
203083,Drummond,Andre,Andre Drummond,True,https://cdn.nba.com/headshots/nba/latest/1040x760/203083.png
1630537,Duarte,Chris,Chris Duarte,True,https://cdn.nba.com/headshots/nba/latest/1040x760/1630537.png
1627739,Dunn,Kris,Kris Dunn,True,https://cdn.nba.com/headshots/nba/latest/1040x760/1627739.png
201142,Durant,Kevin,Kevin Durant,True,https://cdn.nba.com/headshots/nba/latest/1040x760/201142.png
1631105,Duren,Jalen,Jalen Duren,True,https://cdn.nba.com/headshots/nba/latest/1040x760/1631105.png
1631106,Eason,Tari,Tari Eason,True,https://cdn.nba.com/headshots/nba/latest/1040x760/1631106.png
1630162,Edwards,Anthony,Anthony Edwards,True,https://cdn.nba.com/headshots/nba/latest/1040x760/1630162.png
1630556,Edwards,Kessler,Kessler Edwards,True,https://cdn.nba.com/headshots/nba/latest/1040x760/1630556.png
1631165,Ellis,Keon,Keon Ellis,True,https://cdn.nba.com/headshots/nba/latest/1040x760/1631165.png
203954,Embiid,Joel,Joel Embiid,True,https://cdn.nba.com/headshots/nba/latest/1040x760/203954.png
1629234,Eubanks,Drew,Drew Eubanks,True,https://cdn.nba.com/headshots/nba/latest/1040x760/1629234.png
203957,Exum,Dante,Dante Exum,True,https://cdn.nba.com/headshots/nba/latest/1040x760/203957.png
1628981,Fernando,Bruno,Bruno Fernando,True,https://cdn.nba.com/headshots/nba/latest/1040x760/1628981.png
1627827,Finney-Smith,Dorian,Dorian Finney-Smith,True,https://cdn.nba.com/headshots/nba/latest/1040x760/1627827.png
1630201,Flynn,Malachi,Malachi Flynn,True,https://cdn.nba.com/headshots/nba/latest/1040x760/1630201.png
1631323,Fontecchio,Simone,Simone Fontecchio,True,https://cdn.nba.com/headshots/nba/latest/1040x760/1631323.png
1630259,Ford,Jordan,Jordan Ford,True,https://cdn.nba.com/headshots/nba/latest/1040x760/1630259.png
1630235,Forrest,Trent,Trent Forrest,True,https://cdn.nba.com/headshots/nba/latest/1040x760/1630235.png
203095,Fournier,Evan,Evan Fournier,True,https://cdn.nba.com/headshots/nba/latest/1040x760/203095.png
1628368,Fox,De'Aaron,De'Aaron Fox,True,https://cdn.nba.com/headshots/nba/latest/1040x760/1628368.png
1631241,Freeman-Liberty,Javon,Javon Freeman-Liberty,True,https://cdn.nba.com/headshots/nba/latest/1040x760/1631241.png
1641788,Fudge,Alex,Alex Fudge,True,https://cdn.nba.com/headshots/nba/latest/1040x760/1641788.png
1628365,Fultz,Markelle,Markelle Fultz,True,https://cdn.nba.com/headshots/nba/latest/1040x760/1628365.png
1629655,Gafford,Daniel,Daniel Gafford,True,https://cdn.nba.com/headshots/nba/latest/1040x760/1629655.png
201568,Gallinari,Danilo,Danilo Gallinari,True,https://cdn.nba.com/headshots/nba/latest/1040x760/201568.png
1629636,Garland,Darius,Darius Garland,True,https://cdn.nba.com/headshots/nba/latest/1040x760/1629636.png
1630586,Garuba,Usman,Usman Garuba,True,https://cdn.nba.com/headshots/nba/latest/1040x760/1630586.png
1630568,Garza,Luka,Luka Garza,True,https://cdn.nba.com/headshots/nba/latest/1040x760/1630568.png
1629232,Gates,Kaiser,Kaiser Gates,True,https://cdn.nba.com/headshots/nba/latest/1040x760/1629232.png
1641718,George,Keyonte,Keyonte George,True,https://cdn.nba.com/headshots/nba/latest/1040x760/1641718.png
202331,George,Paul,Paul George,True,https://cdn.nba.com/headshots/nba/latest/1040x760/202331.png
1630581,Giddey,Josh,Josh Giddey,True,https://cdn.nba.com/headshots/nba/latest/1040x760/1630581.png
1628385,Giles,Harry,Harry Giles,True,https://cdn.nba.com/headshots/nba/latest/1040x760/1628385.png
1628983,Gilgeous-Alexander,Shai,Shai Gilgeous-Alexander,True,https://cdn.nba.com/headshots/nba/latest/1040x760/1628983.png
1630264,Gill,Anthony,Anthony Gill,True,https://cdn.nba.com/headshots/nba/latest/1040x760/1630264.png
1631221,Gillespie,Collin,Collin Gillespie,True,https://cdn.nba.com/headshots/nba/latest/1040x760/1631221.png
1631367,Gilyard,Jacob,Jacob Gilyard,True,https://cdn.nba.com/headshots/nba/latest/1040x760/1631367.png
203497,Gobert,Rudy,Rudy Gobert,True,https://cdn.nba.com/headshots/nba/latest/1040x760/203497.png
1630692,Goodwin,Jordan,Jordan Goodwin,True,https://cdn.nba.com/headshots/nba/latest/1040x760/1630692.png
203932,Gordon,Aaron,Aaron Gordon,True,https://cdn.nba.com/headshots/nba/latest/1040x760/203932.png
201569,Gordon,Eric,Eric Gordon,True,https://cdn.nba.com/headshots/nba/latest/1040x760/201569.png
1628984,Graham,Devonte',Devonte' Graham,True,https://cdn.nba.com/headshots/nba/latest/1040x760/1628984.png
203924,Grant,Jerami,Jerami Grant,True,https://cdn.nba.com/headshots/nba/latest/1040x760/203924.png
1631260,Green,A.J.,A.J. Green,True,https://cdn.nba.com/headshots/nba/latest/1040x760/1631260.png
201980,Green,Danny,Danny Green,True,https://cdn.nba.com/headshots/nba/latest/1040x760/201980.png
203110,Green,Draymond,Draymond Green,True,https://cdn.nba.com/headshots/nba/latest/1040x760/203110.png
1630224,Green,Jalen,Jalen Green,True,https://cdn.nba.com/headshots/nba/latest/1040x760/1630224.png
201145,Green,Jeff,Jeff Green,True,https://cdn.nba.com/headshots/nba/latest/1040x760/201145.png
1630182,Green,Josh,Josh Green,True,https://cdn.nba.com/headshots/nba/latest/1040x760/1630182.png
1631100,Griffin,A.J.,A.J. Griffin,True,https://cdn.nba.com/headshots/nba/latest/1040x760/1631100.png
1629656,Grimes,Quentin,Quentin Grimes,True,https://cdn.nba.com/headshots/nba/latest/1040x760/1629656.png
1631243,Gueye,Mouhamed,Mouhamed Gueye,True,https://cdn.nba.com/headshots/nba/latest/1040x760/1631243.png
1629060,Hachimura,Rui,Rui Hachimura,True,https://cdn.nba.com/headshots/nba/latest/1040x760/1629060.png
1630169,Haliburton,Tyrese,Tyrese Haliburton,True,https://cdn.nba.com/headshots/nba/latest/1040x760/1630169.png
1630181,Hampton,R.J.,R.J. Hampton,True,https://cdn.nba.com/headshots/nba/latest/1040x760/1630181.png
203501,Hardaway Jr,Tim,Tim Hardaway Jr,True,https://cdn.nba.com/headshots/nba/latest/1040x760/203501.png
201935,Harden,James,James Harden,True,https://cdn.nba.com/headshots/nba/latest/1040x760/201935.png
1630702,Hardy,Jaden,Jaden Hardy,True,https://cdn.nba.com/headshots/nba/latest/1040x760/1630702.png
1631199,Harper Jr,Ron,Ron Harper Jr,True,https://cdn.nba.com/headshots/nba/latest/1040x760/1631199.png
203914,Harris,Gary,Gary Harris,True,https://cdn.nba.com/headshots/nba/latest/1040x760/203914.png
203925,Harris,Joe,Joe Harris,True,https://cdn.nba.com/headshots/nba/latest/1040x760/203925.png
1630284,Harris,Kevon,Kevon Harris,True,https://cdn.nba.com/headshots/nba/latest/1040x760/1630284.png
202699,Harris,Tobias,Tobias Harris,True,https://cdn.nba.com/headshots/nba/latest/1040x760/202699.png
1628404,Hart,Josh,Josh Hart,True,https://cdn.nba.com/headshots/nba/latest/1040x760/1628404.png
1628392,Hartenstein,Isaiah,Isaiah Hartenstein,True,https://cdn.nba.com/headshots/nba/latest/1040x760/1628392.png
1630573,Hauser,Sam,Sam Hauser,True,https://cdn.nba.com/headshots/nba/latest/1040x760/1630573.png
1641722,Hawkins,Jordan,Jordan Hawkins,True,https://cdn.nba.com/headshots/nba/latest/1040x760/1641722.png
1629637,Hayes,Jaxson,Jaxson Hayes,True,https://cdn.nba.com/headshots/nba/latest/1040x760/1629637.png
1630165,Hayes,Killian,Killian Hayes,True,https://cdn.nba.com/headshots/nba/latest/1040x760/1630165.png
202330,Hayward,Gordon,Gordon Hayward,True,https://cdn.nba.com/headshots/nba/latest/1040x760/202330.png
1630703,Henderson,Scoot,Scoot Henderson,True,https://cdn.nba.com/headshots/nba/latest/1040x760/1630703.png
1641707,Hendricks,Taylor,Taylor Hendricks,True,https://cdn.nba.com/headshots/nba/latest/1040x760/1641707.png
1629639,Herro,Tyler,Tyler Herro,True,https://cdn.nba.com/headshots/nba/latest/1040x760/1629639.png
1627741,Hield,Buddy,Buddy Hield,True,https://cdn.nba.com/headshots/nba/latest/1040x760/1627741.png
1629312,Highsmith,Haywood,Haywood Highsmith,True,https://cdn.nba.com/headshots/nba/latest/1040x760/1629312.png
1630207,Hinton,Nate,Nate Hinton,True,https://cdn.nba.com/headshots/nba/latest/1040x760/1630207.png
1641793,Hodge,D'Moi,D'Moi Hodge,True,https://cdn.nba.com/headshots/nba/latest/1040x760/1641793.png
1628988,Holiday,Aaron,Aaron Holiday,True,https://cdn.nba.com/headshots/nba/latest/1040x760/1628988.png
201950,Holiday,Jrue,Jrue Holiday,True,https://cdn.nba.com/headshots/nba/latest/1040x760/201950.png
203200,Holiday,Justin,Justin Holiday,True,https://cdn.nba.com/headshots/nba/latest/1040x760/203200.png
1626158,Holmes,Richaun,Richaun Holmes,True,https://cdn.nba.com/headshots/nba/latest/1040x760/1626158.png
1631096,Holmgren,Chet,Chet Holmgren,True,https://cdn.nba.com/headshots/nba/latest/1040x760/1631096.png
1641720,Hood-Schifino,Jalen,Jalen Hood-Schifino,True,https://cdn.nba.com/headshots/nba/latest/1040x760/1641720.png
201143,Horford,Al,Al Horford,True,https://cdn.nba.com/headshots/nba/latest/1040x760/201143.png
1629659,Horton-Tucker,Talen,Talen Horton-Tucker,True,https://cdn.nba.com/headshots/nba/latest/1040x760/1629659.png
1627863,House Jr,Danuel,Danuel House Jr,True,https://cdn.nba.com/headshots/nba/latest/1040x760/1627863.png
1631216,Houstan,Caleb,Caleb Houstan,True,https://cdn.nba.com/headshots/nba/latest/1040x760/1631216.png
1641724,Howard,Jett,Jett Howard,True,https://cdn.nba.com/headshots/nba/latest/1040x760/1641724.png
1628989,Huerter,Kevin,Kevin Huerter,True,https://cdn.nba.com/headshots/nba/latest/1040x760/1628989.png
1630643,Huff,Jay,Jay Huff,True,https://cdn.nba.com/headshots/nba/latest/1040x760/1630643.png
1629631,Hunter,De'Andre,De'Andre Hunter,True,https://cdn.nba.com/headshots/nba/latest/1040x760/1629631.png
1630538,Hyland,Bones,Bones Hyland,True,https://cdn.nba.com/headshots/nba/latest/1040x760/1630538.png
204060,Ingles,Joe,Joe Ingles,True,https://cdn.nba.com/headshots/nba/latest/1040x760/204060.png
1627742,Ingram,Brandon,Brandon Ingram,True,https://cdn.nba.com/headshots/nba/latest/1040x760/1627742.png
202681,Irving,Kyrie,Kyrie Irving,True,https://cdn.nba.com/headshots/nba/latest/1040x760/202681.png
1628371,Isaac,Jonathan,Jonathan Isaac,True,https://cdn.nba.com/headshots/nba/latest/1040x760/1628371.png
1631093,Ivey,Jaden,Jaden Ivey,True,https://cdn.nba.com/headshots/nba/latest/1040x760/1631093.png
1641713,Jackson,GG,GG Jackson,True,https://cdn.nba.com/headshots/nba/latest/1040x760/1641713.png
1630543,Jackson,Isaiah,Isaiah Jackson,True,https://cdn.nba.com/headshots/nba/latest/1040x760/1630543.png
202704,Jackson,Reggie,Reggie Jackson,True,https://cdn.nba.com/headshots/nba/latest/1040x760/202704.png
1641748,Jackson Jr,Andre,Andre Jackson Jr,True,https://cdn.nba.com/headshots/nba/latest/1040x760/1641748.png
1628991,Jackson Jr,Jaren,Jaren Jackson Jr,True,https://cdn.nba.com/headshots/nba/latest/1040x760/1628991.png
1631218,Jackson-Davis,Trayce,Trayce Jackson-Davis,True,https://cdn.nba.com/headshots/nba/latest/1040x760/1631218.png
2544,James,LeBron,LeBron James,True,https://cdn.nba.com/headshots/nba/latest/1040x760/2544.png
1631170,Jaquez Jr,Jaime,Jaime Jaquez Jr,True,https://cdn.nba.com/headshots/nba/latest/1040x760/1631170.png
1629610,Jeffries,DaQuan,DaQuan Jeffries,True,https://cdn.nba.com/headshots/nba/latest/1040x760/1629610.png
1629660,Jerome,Ty,Ty Jerome,True,https://cdn.nba.com/headshots/nba/latest/1040x760/1629660.png
1630198,Joe,Isaiah,Isaiah Joe,True,https://cdn.nba.com/headshots/nba/latest/1040x760/1630198.png
1629661,Johnson,Cameron,Cameron Johnson,True,https://cdn.nba.com/headshots/nba/latest/1040x760/1629661.png
1630552,Johnson,Jalen,Jalen Johnson,True,https://cdn.nba.com/headshots/nba/latest/1040x760/1630552.png
1629640,Johnson,Keldon,Keldon Johnson,True,https://cdn.nba.com/headshots/nba/latest/1040x760/1629640.png
1630553,Johnson,Keon,Keon Johnson,True,https://cdn.nba.com/headshots/nba/latest/1040x760/1630553.png
1641749,Johnson,Keyontae,Keyontae Johnson,True,https://cdn.nba.com/headshots/nba/latest/1040x760/1641749.png
203999,Jokic,Nikola,Nikola Jokic,True,https://cdn.nba.com/headshots/nba/latest/1040x760/203999.png
1641732,Jones,Colby,Colby Jones,True,https://cdn.nba.com/headshots/nba/latest/1040x760/1641732.png
1627745,Jones,Damian,Damian Jones,True,https://cdn.nba.com/headshots/nba/latest/1040x760/1627745.png
1630529,Jones,Herbert,Herbert Jones,True,https://cdn.nba.com/headshots/nba/latest/1040x760/1630529.png
1630200,Jones,Tre,Tre Jones,True,https://cdn.nba.com/headshots/nba/latest/1040x760/1630200.png
1626145,Jones,Tyus,Tyus Jones,True,https://cdn.nba.com/headshots/nba/latest/1040x760/1626145.png
1627884,Jones Jr,Derrick,Derrick Jones Jr,True,https://cdn.nba.com/headshots/nba/latest/1040x760/1627884.png
201599,Jordan,DeAndre,DeAndre Jordan,True,https://cdn.nba.com/headshots/nba/latest/1040x760/201599.png
202709,Joseph,Cory,Cory Joseph,True,https://cdn.nba.com/headshots/nba/latest/1040x760/202709.png
1631107,Jovic,Nikola,Nikola Jovic,True,https://cdn.nba.com/headshots/nba/latest/1040x760/1631107.png
1630548,Juzang,Johnny,Johnny Juzang,True,https://cdn.nba.com/headshots/nba/latest/1040x760/1630548.png
1628379,Kennard,Luke,Luke Kennard,True,https://cdn.nba.com/headshots/nba/latest/1040x760/1628379.png
1631117,Kessler,Walker,Walker Kessler,True,https://cdn.nba.com/headshots/nba/latest/1040x760/1631117.png
1630296,Key,Braxton,Braxton Key,True,https://cdn.nba.com/headshots/nba/latest/1040x760/1630296.png
1630557,Kispert,Corey,Corey Kispert,True,https://cdn.nba.com/headshots/nba/latest/1040x760/1630557.png
1628467,Kleber,Maxi,Maxi Kleber,True,https://cdn.nba.com/headshots/nba/latest/1040x760/1628467.png
1630233,Knight,Nathan,Nathan Knight,True,https://cdn.nba.com/headshots/nba/latest/1040x760/1630233.png
1628995,Knox,Kevin,Kevin Knox,True,https://cdn.nba.com/headshots/nba/latest/1040x760/1628995.png
1631132,Koloko,Christian,Christian Koloko,True,https://cdn.nba.com/headshots/nba/latest/1040x760/1631132.png
1629723,Konchar,John,John Konchar,True,https://cdn.nba.com/headshots/nba/latest/1040x760/1629723.png
1627788,Korkmaz,Furkan,Furkan Korkmaz,True,https://cdn.nba.com/headshots/nba/latest/1040x760/1627788.png
1628436,Kornet,Luke,Luke Kornet,True,https://cdn.nba.com/headshots/nba/latest/1040x760/1628436.png
1630228,Kuminga,Jonathan,Jonathan Kuminga,True,https://cdn.nba.com/headshots/nba/latest/1040x760/1630228.png
1628398,Kuzma,Kyle,Kyle Kuzma,True,https://cdn.nba.com/headshots/nba/latest/1040x760/1628398.png
1631222,LaRavia,Jake,Jake LaRavia,True,https://cdn.nba.com/headshots/nba/latest/1040x760/1631222.png
203897,LaVine,Zach,Zach LaVine,True,https://cdn.nba.com/headshots/nba/latest/1040x760/203897.png
1629111,Landale,Jock,Jock Landale,True,https://cdn.nba.com/headshots/nba/latest/1040x760/1629111.png
1630639,Lawson,A.J.,A.J. Lawson,True,https://cdn.nba.com/headshots/nba/latest/1040x760/1630639.png
1627747,LeVert,Caris,Caris LeVert,True,https://cdn.nba.com/headshots/nba/latest/1040x760/1627747.png
1627814,Lee,Damion,Damion Lee,True,https://cdn.nba.com/headshots/nba/latest/1040x760/1627814.png
1630240,Lee,Saben,Saben Lee,True,https://cdn.nba.com/headshots/nba/latest/1040x760/1630240.png
203458,Len,Alex,Alex Len,True,https://cdn.nba.com/headshots/nba/latest/1040x760/203458.png
202695,Leonard,Kawhi,Kawhi Leonard,True,https://cdn.nba.com/headshots/nba/latest/1040x760/202695.png
1631171,Lewis,Justin,Justin Lewis,True,https://cdn.nba.com/headshots/nba/latest/1040x760/1631171.png
1641721,Lewis,Maxwell,Maxwell Lewis,True,https://cdn.nba.com/headshots/nba/latest/1040x760/1641721.png
1630184,Lewis Jr,Kira,Kira Lewis Jr,True,https://cdn.nba.com/headshots/nba/latest/1040x760/1630184.png
1630604,Liddell,E.J.,E.J. Liddell,True,https://cdn.nba.com/headshots/nba/latest/1040x760/1630604.png
203081,Lillard,Damian,Damian Lillard,True,https://cdn.nba.com/headshots/nba/latest/1040x760/203081.png
1629642,Little,Nassir,Nassir Little,True,https://cdn.nba.com/headshots/nba/latest/1040x760/1629642.png
1641726,Lively,Dereck,Dereck Lively,True,https://cdn.nba.com/headshots/nba/latest/1040x760/1641726.png
1630587,Livers,Isaiah,Isaiah Livers,True,https://cdn.nba.com/headshots/nba/latest/1040x760/1630587.png
1641753,Livingston,Chris,Chris Livingston,True,https://cdn.nba.com/headshots/nba/latest/1040x760/1641753.png
1631254,Lofton Jr,Kenneth,Kenneth Lofton Jr,True,https://cdn.nba.com/headshots/nba/latest/1040x760/1631254.png
1626172,Looney,Kevon,Kevon Looney,True,https://cdn.nba.com/headshots/nba/latest/1040x760/1626172.png
201572,Lopez,Brook,Brook Lopez,True,https://cdn.nba.com/headshots/nba/latest/1040x760/201572.png
201577,Lopez,Robin,Robin Lopez,True,https://cdn.nba.com/headshots/nba/latest/1040x760/201577.png
201567,Love,Kevin,Kevin Love,True,https://cdn.nba.com/headshots/nba/latest/1040x760/201567.png
200768,Lowry,Kyle,Kyle Lowry,True,https://cdn.nba.com/headshots/nba/latest/1040x760/200768.png
1641754,Lundy,Seth,Seth Lundy,True,https://cdn.nba.com/headshots/nba/latest/1040x760/1641754.png
1626168,Lyles,Trey,Trey Lyles,True,https://cdn.nba.com/headshots/nba/latest/1040x760/1626168.png
1630177,Maledon,Theo,Theo Maledon,True,https://cdn.nba.com/headshots/nba/latest/1040x760/1630177.png
1630572,Mamukelashvili,Sandro,Sandro Mamukelashvili,True,https://cdn.nba.com/headshots/nba/latest/1040x760/1630572.png
1629611,Mann,Terance,Terance Mann,True,https://cdn.nba.com/headshots/nba/latest/1040x760/1629611.png
1630544,Mann,Tre,Tre Mann,True,https://cdn.nba.com/headshots/nba/latest/1040x760/1630544.png
1626246,Marjanovic,Boban,Boban Marjanovic,True,https://cdn.nba.com/headshots/nba/latest/1040x760/1626246.png
1628374,Markkanen,Lauri,Lauri Markkanen,True,https://cdn.nba.com/headshots/nba/latest/1040x760/1628374.png
1630230,Marshall,Naji,Naji Marshall,True,https://cdn.nba.com/headshots/nba/latest/1040x760/1630230.png
1628997,Martin,Caleb,Caleb Martin,True,https://cdn.nba.com/headshots/nba/latest/1040x760/1628997.png
1628998,Martin,Cody,Cody Martin,True,https://cdn.nba.com/headshots/nba/latest/1040x760/1628998.png
1630231,Martin Jr,Kenyon,Kenyon Martin Jr,True,https://cdn.nba.com/headshots/nba/latest/1040x760/1630231.png
1629726,Mathews,Garrison,Garrison Mathews,True,https://cdn.nba.com/headshots/nba/latest/1040x760/1629726.png
1631097,Mathurin,Bennedict,Bennedict Mathurin,True,https://cdn.nba.com/headshots/nba/latest/1040x760/1631097.png
202083,Matthews,Wesley,Wesley Matthews,True,https://cdn.nba.com/headshots/nba/latest/1040x760/202083.png
1630178,Maxey,Tyrese,Tyrese Maxey,True,https://cdn.nba.com/headshots/nba/latest/1040x760/1630178.png
1630219,Mays,Skylar,Skylar Mays,True,https://cdn.nba.com/headshots/nba/latest/1040x760/1630219.png
1630540,McBride,Miles,Miles McBride,True,https://cdn.nba.com/headshots/nba/latest/1040x760/1630540.png
203468,McCollum,C.J.,C.J. McCollum,True,https://cdn.nba.com/headshots/nba/latest/1040x760/203468.png
204456,McConnell,T.J.,T.J. McConnell,True,https://cdn.nba.com/headshots/nba/latest/1040x760/204456.png
1630183,McDaniels,Jaden,Jaden McDaniels,True,https://cdn.nba.com/headshots/nba/latest/1040x760/1630183.png
1629667,McDaniels,Jalen,Jalen McDaniels,True,https://cdn.nba.com/headshots/nba/latest/1040x760/1629667.png
203926,McDermott,Doug,Doug McDermott,True,https://cdn.nba.com/headshots/nba/latest/1040x760/203926.png
201580,McGee,JaVale,JaVale McGee,True,https://cdn.nba.com/headshots/nba/latest/1040x760/201580.png
1631121,McGowens,Bryce,Bryce McGowens,True,https://cdn.nba.com/headshots/nba/latest/1040x760/1631121.png
1629162,McLaughlin,Jordan,Jordan McLaughlin,True,https://cdn.nba.com/headshots/nba/latest/1040x760/1629162.png
1629001,Melton,De'Anthony,De'Anthony Melton,True,https://cdn.nba.com/headshots/nba/latest/1040x760/1629001.png
1630241,Merrill,Sam,Sam Merrill,True,https://cdn.nba.com/headshots/nba/latest/1040x760/1630241.png
1629002,Metu,Chimezie,Chimezie Metu,True,https://cdn.nba.com/headshots/nba/latest/1040x760/1629002.png
203995,Micic,Vasilije,Vasilije Micic,True,https://cdn.nba.com/headshots/nba/latest/1040x760/203995.png
203114,Middleton,Khris,Khris Middleton,True,https://cdn.nba.com/headshots/nba/latest/1040x760/203114.png
1641706,Miller,Brandon,Brandon Miller,True,https://cdn.nba.com/headshots/nba/latest/1040x760/1641706.png
1641757,Miller,Jordan,Jordan Miller,True,https://cdn.nba.com/headshots/nba/latest/1040x760/1641757.png
1631159,Miller,Leonard,Leonard Miller,True,https://cdn.nba.com/headshots/nba/latest/1040x760/1631159.png
201988,Mills,Patty,Patty Mills,True,https://cdn.nba.com/headshots/nba/latest/1040x760/201988.png
1629003,Milton,Shake,Shake Milton,True,https://cdn.nba.com/headshots/nba/latest/1040x760/1629003.png
1631303,Minaya,Justin,Justin Minaya,True,https://cdn.nba.com/headshots/nba/latest/1040x760/1631303.png
1631169,Minott,Josh,Josh Minott,True,https://cdn.nba.com/headshots/nba/latest/1040x760/1631169.png
1630558,Mitchell,Davion,Davion Mitchell,True,https://cdn.nba.com/headshots/nba/latest/1040x760/1630558.png
1628378,Mitchell,Donovan,Donovan Mitchell,True,https://cdn.nba.com/headshots/nba/latest/1040x760/1628378.png
1630596,Mobley,Evan,Evan Mobley,True,https://cdn.nba.com/headshots/nba/latest/1040x760/1630596.png
1630600,Mobley,Isaiah,Isaiah Mobley,True,https://cdn.nba.com/headshots/nba/latest/1040x760/1630600.png
1628370,Monk,Malik,Malik Monk,True,https://cdn.nba.com/headshots/nba/latest/1040x760/1628370.png
1630541,Moody,Moses,Moses Moody,True,https://cdn.nba.com/headshots/nba/latest/1040x760/1630541.png
1631111,Moore Jr,Wendell,Wendell Moore Jr,True,https://cdn.nba.com/headshots/nba/latest/1040x760/1631111.png
1629630,Morant,Ja,Ja Morant,True,https://cdn.nba.com/headshots/nba/latest/1040x760/1629630.png
202693,Morris,Markieff,Markieff Morris,True,https://cdn.nba.com/headshots/nba/latest/1040x760/202693.png
1628420,Morris,Monte,Monte Morris,True,https://cdn.nba.com/headshots/nba/latest/1040x760/1628420.png
202694,Morris Sr.,Marcus,Marcus Morris Sr.,True,https://cdn.nba.com/headshots/nba/latest/1040x760/202694.png
1630530,Murphy,Trey,Trey Murphy,True,https://cdn.nba.com/headshots/nba/latest/1040x760/1630530.png
1627749,Murray,Dejounte,Dejounte Murray,True,https://cdn.nba.com/headshots/nba/latest/1040x760/1627749.png
1627750,Murray,Jamal,Jamal Murray,True,https://cdn.nba.com/headshots/nba/latest/1040x760/1627750.png
1631099,Murray,Keegan,Keegan Murray,True,https://cdn.nba.com/headshots/nba/latest/1040x760/1631099.png
1631200,Murray,Kris,Kris Murray,True,https://cdn.nba.com/headshots/nba/latest/1040x760/1631200.png
203488,Muscala,Mike,Mike Muscala,True,https://cdn.nba.com/headshots/nba/latest/1040x760/203488.png
1629004,Mykhailiuk,Sviatoslav,Sviatoslav Mykhailiuk,True,https://cdn.nba.com/headshots/nba/latest/1040x760/1629004.png
1626204,Nance Jr,Larry,Larry Nance Jr,True,https://cdn.nba.com/headshots/nba/latest/1040x760/1626204.png
1629614,Nembhard,Andrew,Andrew Nembhard,True,https://cdn.nba.com/headshots/nba/latest/1040x760/1629614.png
1630174,Nesmith,Aaron,Aaron Nesmith,True,https://cdn.nba.com/headshots/nba/latest/1040x760/1630174.png
1627777,Niang,Georges,Georges Niang,True,https://cdn.nba.com/headshots/nba/latest/1040x760/1627777.png
1630227,Nix,Daishen,Daishen Nix,True,https://cdn.nba.com/headshots/nba/latest/1040x760/1630227.png
1630192,Nnaji,Zeke,Zeke Nnaji,True,https://cdn.nba.com/headshots/nba/latest/1040x760/1630192.png
1641936,Norris,Miles,Miles Norris,True,https://cdn.nba.com/headshots/nba/latest/1040x760/1641936.png
1641806,Nowell,Markquis,Markquis Nowell,True,https://cdn.nba.com/headshots/nba/latest/1040x760/1641806.png
1628373,Ntilikina,Frank,Frank Ntilikina,True,https://cdn.nba.com/headshots/nba/latest/1040x760/1628373.png
203994,Nurkic,Jusuf,Jusuf Nurkic,True,https://cdn.nba.com/headshots/nba/latest/1040x760/203994.png
1629670,Nwora,Jordan,Jordan Nwora,True,https://cdn.nba.com/headshots/nba/latest/1040x760/1629670.png
1626220,O'Neale,Royce,Royce O'Neale,True,https://cdn.nba.com/headshots/nba/latest/1040x760/1626220.png
1629643,Okeke,Chuma,Chuma Okeke,True,https://cdn.nba.com/headshots/nba/latest/1040x760/1629643.png
1629006,Okogie,Josh,Josh Okogie,True,https://cdn.nba.com/headshots/nba/latest/1040x760/1629006.png
1630168,Okongwu,Onyeka,Onyeka Okongwu,True,https://cdn.nba.com/headshots/nba/latest/1040x760/1630168.png
1630171,Okoro,Isaac,Isaac Okoro,True,https://cdn.nba.com/headshots/nba/latest/1040x760/1630171.png
203506,Oladipo,Victor,Victor Oladipo,True,https://cdn.nba.com/headshots/nba/latest/1040x760/203506.png
203482,Olynyk,Kelly,Kelly Olynyk,True,https://cdn.nba.com/headshots/nba/latest/1040x760/203482.png
1630647,Omoruyi,Eugene,Eugene Omoruyi,True,https://cdn.nba.com/headshots/nba/latest/1040x760/1630647.png
1626224,Osman,Cedi,Cedi Osman,True,https://cdn.nba.com/headshots/nba/latest/1040x760/1626224.png
1626162,Oubre Jr,Kelly,Kelly Oubre Jr,True,https://cdn.nba.com/headshots/nba/latest/1040x760/1626162.png
101108,Paul,Chris,Chris Paul,True,https://cdn.nba.com/headshots/nba/latest/1040x760/101108.png
1626166,Payne,Cameron,Cameron Payne,True,https://cdn.nba.com/headshots/nba/latest/1040x760/1626166.png
1627780,Payton,Gary,Gary Payton,True,https://cdn.nba.com/headshots/nba/latest/1040x760/1627780.png
1630196,Petrusev,Filip,Filip Petrusev,True,https://cdn.nba.com/headshots/nba/latest/1040x760/1630196.png
1641763,Phillips,Julian,Julian Phillips,True,https://cdn.nba.com/headshots/nba/latest/1040x760/1641763.png
1629618,Pickett,Jalen,Jalen Pickett,True,https://cdn.nba.com/headshots/nba/latest/1040x760/1629618.png
203486,Plumlee,Mason,Mason Plumlee,True,https://cdn.nba.com/headshots/nba/latest/1040x760/203486.png
1641764,Podziemski,Brandin,Brandin Podziemski,True,https://cdn.nba.com/headshots/nba/latest/1040x760/1641764.png
1627751,Poeltl,Jakob,Jakob Poeltl,True,https://cdn.nba.com/headshots/nba/latest/1040x760/1627751.png
1630197,Pokusevski,Aleksej,Aleksej Pokusevski,True,https://cdn.nba.com/headshots/nba/latest/1040x760/1630197.png
1629673,Poole,Jordan,Jordan Poole,True,https://cdn.nba.com/headshots/nba/latest/1040x760/1629673.png
1641854,Porter,Craig,Craig Porter,True,https://cdn.nba.com/headshots/nba/latest/1040x760/1641854.png
1629008,Porter Jr,Michael,Michael Porter Jr,True,https://cdn.nba.com/headshots/nba/latest/1040x760/1629008.png
203490,Porter Jr,Otto,Otto Porter Jr,True,https://cdn.nba.com/headshots/nba/latest/1040x760/203490.png
1626171,Portis,Bobby,Bobby Portis,True,https://cdn.nba.com/headshots/nba/latest/1040x760/1626171.png
204001,Porzingis,Kristaps,Kristaps Porzingis,True,https://cdn.nba.com/headshots/nba/latest/1040x760/204001.png
1630695,Potter,Micah,Micah Potter,True,https://cdn.nba.com/headshots/nba/latest/1040x760/1630695.png
203939,Powell,Dwight,Dwight Powell,True,https://cdn.nba.com/headshots/nba/latest/1040x760/203939.png
1626181,Powell,Norman,Norman Powell,True,https://cdn.nba.com/headshots/nba/latest/1040x760/1626181.png
1630563,Primo,Joshua,Joshua Primo,True,https://cdn.nba.com/headshots/nba/latest/1040x760/1630563.png
1627752,Prince,Taurean,Taurean Prince,True,https://cdn.nba.com/headshots/nba/latest/1040x760/1627752.png
1630202,Pritchard,Payton,Payton Pritchard,True,https://cdn.nba.com/headshots/nba/latest/1040x760/1630202.png
1641765,Prosper,Olivier-Maxence,Olivier-Maxence Prosper,True,https://cdn.nba.com/headshots/nba/latest/1040x760/1641765.png
1630243,Queen,Trevelin,Trevelin Queen,True,https://cdn.nba.com/headshots/nba/latest/1040x760/1630243.png
1629674,Queta,Neemias,Neemias Queta,True,https://cdn.nba.com/headshots/nba/latest/1040x760/1629674.png
1630193,Quickley,Immanuel,Immanuel Quickley,True,https://cdn.nba.com/headshots/nba/latest/1040x760/1630193.png
1631311,Quiñones,Lester,Lester Quiñones,True,https://cdn.nba.com/headshots/nba/latest/1040x760/1631311.png
203944,Randle,Julius,Julius Randle,True,https://cdn.nba.com/headshots/nba/latest/1040x760/203944.png
1641871,Reath,Duop,Duop Reath,True,https://cdn.nba.com/headshots/nba/latest/1040x760/1641871.png
1630559,Reaves,Austin,Austin Reaves,True,https://cdn.nba.com/headshots/nba/latest/1040x760/1630559.png
1629629,Reddish,Cam,Cam Reddish,True,https://cdn.nba.com/headshots/nba/latest/1040x760/1629629.png
1630194,Reed,Paul,Paul Reed,True,https://cdn.nba.com/headshots/nba/latest/1040x760/1630194.png
1629675,Reid,Naz,Naz Reid,True,https://cdn.nba.com/headshots/nba/latest/1040x760/1629675.png
1631197,Rhoden,Jared,Jared Rhoden,True,https://cdn.nba.com/headshots/nba/latest/1040x760/1631197.png
1641811,Rice,Sir'Jabari,Sir'Jabari Rice,True,https://cdn.nba.com/headshots/nba/latest/1040x760/1641811.png
1630208,Richards,Nick,Nick Richards,True,https://cdn.nba.com/headshots/nba/latest/1040x760/1630208.png
1626196,Richardson,Josh,Josh Richardson,True,https://cdn.nba.com/headshots/nba/latest/1040x760/1626196.png
1629130,Robinson,Duncan,Duncan Robinson,True,https://cdn.nba.com/headshots/nba/latest/1040x760/1629130.png
1629010,Robinson,Jerome,Jerome Robinson,True,https://cdn.nba.com/headshots/nba/latest/1040x760/1629010.png
1629011,Robinson,Mitchell,Mitchell Robinson,True,https://cdn.nba.com/headshots/nba/latest/1040x760/1629011.png
1631115,Robinson,Orlando,Orlando Robinson,True,https://cdn.nba.com/headshots/nba/latest/1040x760/1631115.png
1630526,Robinson-Earl,Jeremiah,Jeremiah Robinson-Earl,True,https://cdn.nba.com/headshots/nba/latest/1040x760/1630526.png
1631223,Roddy,David,David Roddy,True,https://cdn.nba.com/headshots/nba/latest/1040x760/1631223.png
1631157,Rollins,Ryan,Ryan Rollins,True,https://cdn.nba.com/headshots/nba/latest/1040x760/1631157.png
201565,Rose,Derrick,Derrick Rose,True,https://cdn.nba.com/headshots/nba/latest/1040x760/201565.png
1626179,Rozier,Terry,Terry Rozier,True,https://cdn.nba.com/headshots/nba/latest/1040x760/1626179.png
201937,Rubio,Ricky,Ricky Rubio,True,https://cdn.nba.com/headshots/nba/latest/1040x760/201937.png
1641712,Rupert,Rayan,Rayan Rupert,True,https://cdn.nba.com/headshots/nba/latest/1040x760/1641712.png
1626156,Russell,D'Angelo,D'Angelo Russell,True,https://cdn.nba.com/headshots/nba/latest/1040x760/1626156.png
1630346,Ryan,Matt,Matt Ryan,True,https://cdn.nba.com/headshots/nba/latest/1040x760/1630346.png
1627734,Sabonis,Domantas,Domantas Sabonis,True,https://cdn.nba.com/headshots/nba/latest/1040x760/1627734.png
1629677,Samanic,Luka,Luka Samanic,True,https://cdn.nba.com/headshots/nba/latest/1040x760/1629677.png
1631257,Samuels Jr,Jermaine,Jermaine Samuels Jr,True,https://cdn.nba.com/headshots/nba/latest/1040x760/1631257.png
1641766,Sanogo,Adama,Adama Sanogo,True,https://cdn.nba.com/headshots/nba/latest/1040x760/1641766.png
1630611,Santos,Gui,Gui Santos,True,https://cdn.nba.com/headshots/nba/latest/1040x760/1630611.png
203967,Saric,Dario,Dario Saric,True,https://cdn.nba.com/headshots/nba/latest/1040x760/203967.png
1630846,Sarr,Olivier,Olivier Sarr,True,https://cdn.nba.com/headshots/nba/latest/1040x760/1630846.png
1631204,Sasser,Marcus,Marcus Sasser,True,https://cdn.nba.com/headshots/nba/latest/1040x760/1631204.png
1629678,Schofield,Admiral,Admiral Schofield,True,https://cdn.nba.com/headshots/nba/latest/1040x760/1629678.png
203471,Schroder,Dennis,Dennis Schroder,True,https://cdn.nba.com/headshots/nba/latest/1040x760/203471.png
1631220,Seabron,Dereon,Dereon Seabron,True,https://cdn.nba.com/headshots/nba/latest/1040x760/1631220.png
1630578,Sengun,Alperen,Alperen Sengun,True,https://cdn.nba.com/headshots/nba/latest/1040x760/1630578.png
1641729,Sensabaugh,Brice,Brice Sensabaugh,True,https://cdn.nba.com/headshots/nba/latest/1040x760/1641729.png
1629012,Sexton,Collin,Collin Sexton,True,https://cdn.nba.com/headshots/nba/latest/1040x760/1629012.png
1629013,Shamet,Landry,Landry Shamet,True,https://cdn.nba.com/headshots/nba/latest/1040x760/1629013.png
1630549,Sharpe,Day'Ron,Day'Ron Sharpe,True,https://cdn.nba.com/headshots/nba/latest/1040x760/1630549.png
1631101,Sharpe,Shaedon,Shaedon Sharpe,True,https://cdn.nba.com/headshots/nba/latest/1040x760/1631101.png
1641767,Sheppard,Ben,Ben Sheppard,True,https://cdn.nba.com/headshots/nba/latest/1040x760/1641767.png
1627783,Siakam,Pascal,Pascal Siakam,True,https://cdn.nba.com/headshots/nba/latest/1040x760/1627783.png
1627732,Simmons,Ben,Ben Simmons,True,https://cdn.nba.com/headshots/nba/latest/1040x760/1627732.png
1629014,Simons,Anfernee,Anfernee Simons,True,https://cdn.nba.com/headshots/nba/latest/1040x760/1629014.png
1630579,Sims,Jericho,Jericho Sims,True,https://cdn.nba.com/headshots/nba/latest/1040x760/1630579.png
1641771,Slawson,Jalen,Jalen Slawson,True,https://cdn.nba.com/headshots/nba/latest/1040x760/1641771.png
1630606,Smart,Javonte,Javonte Smart,True,https://cdn.nba.com/headshots/nba/latest/1040x760/1630606.png
203935,Smart,Marcus,Marcus Smart,True,https://cdn.nba.com/headshots/nba/latest/1040x760/203935.png
1630696,Smith,Dru,Dru Smith,True,https://cdn.nba.com/headshots/nba/latest/1040x760/1630696.png
202397,Smith,Ish,Ish Smith,True,https://cdn.nba.com/headshots/nba/latest/1040x760/202397.png
1630188,Smith,Jalen,Jalen Smith,True,https://cdn.nba.com/headshots/nba/latest/1040x760/1630188.png
1631173,Smith,Terquavion,Terquavion Smith,True,https://cdn.nba.com/headshots/nba/latest/1040x760/1631173.png
1628372,Smith Jr,Dennis,Dennis Smith Jr,True,https://cdn.nba.com/headshots/nba/latest/1040x760/1628372.png
1631095,Smith Jr,Jabari,Jabari Smith Jr,True,https://cdn.nba.com/headshots/nba/latest/1040x760/1631095.png
1641733,Smith Jr,Nick,Nick Smith Jr,True,https://cdn.nba.com/headshots/nba/latest/1040x760/1641733.png
1631110,Sochan,Jeremy,Jeremy Sochan,True,https://cdn.nba.com/headshots/nba/latest/1040x760/1631110.png
1630531,Springer,Jaden,Jaden Springer,True,https://cdn.nba.com/headshots/nba/latest/1040x760/1630531.png
1630205,Stevens,Lamar,Lamar Stevens,True,https://cdn.nba.com/headshots/nba/latest/1040x760/1630205.png
1630191,Stewart,Isaiah,Isaiah Stewart,True,https://cdn.nba.com/headshots/nba/latest/1040x760/1630191.png
1631124,Strawther,Julian,Julian Strawther,True,https://cdn.nba.com/headshots/nba/latest/1040x760/1631124.png
1629622,Strus,Max,Max Strus,True,https://cdn.nba.com/headshots/nba/latest/1040x760/1629622.png
1630591,Suggs,Jalen,Jalen Suggs,True,https://cdn.nba.com/headshots/nba/latest/1040x760/1630591.png
1631306,Swider,Cole,Cole Swider,True,https://cdn.nba.com/headshots/nba/latest/1040x760/1631306.png
1630256,Tate,Jae'Sean,Jae'Sean Tate,True,https://cdn.nba.com/headshots/nba/latest/1040x760/1630256.png
1628369,Tatum,Jayson,Jayson Tatum,True,https://cdn.nba.com/headshots/nba/latest/1040x760/1628369.png
1630678,Taylor,Terry,Terry Taylor,True,https://cdn.nba.com/headshots/nba/latest/1040x760/1630678.png
202066,Temple,Garrett,Garrett Temple,True,https://cdn.nba.com/headshots/nba/latest/1040x760/202066.png
1631207,Terry,Dalen,Dalen Terry,True,https://cdn.nba.com/headshots/nba/latest/1040x760/1631207.png
1628464,Theis,Daniel,Daniel Theis,True,https://cdn.nba.com/headshots/nba/latest/1040x760/1628464.png
1630560,Thomas,Cam,Cam Thomas,True,https://cdn.nba.com/headshots/nba/latest/1040x760/1630560.png
1641708,Thompson,Amen,Amen Thompson,True,https://cdn.nba.com/headshots/nba/latest/1040x760/1641708.png
1641709,Thompson,Ausar,Ausar Thompson,True,https://cdn.nba.com/headshots/nba/latest/1040x760/1641709.png
202691,Thompson,Klay,Klay Thompson,True,https://cdn.nba.com/headshots/nba/latest/1040x760/202691.png
202684,Thompson,Tristan,Tristan Thompson,True,https://cdn.nba.com/headshots/nba/latest/1040x760/202684.png
1630550,Thor,J.T.,J.T. Thor,True,https://cdn.nba.com/headshots/nba/latest/1040x760/1630550.png
1629680,Thybulle,Matisse,Matisse Thybulle,True,https://cdn.nba.com/headshots/nba/latest/1040x760/1629680.png
1630214,Tillman,Xavier,Xavier Tillman,True,https://cdn.nba.com/headshots/nba/latest/1040x760/1630214.png
1631210,Toppin,Jacob,Jacob Toppin,True,https://cdn.nba.com/headshots/nba/latest/1040x760/1631210.png
1630167,Toppin,Obi,Obi Toppin,True,https://cdn.nba.com/headshots/nba/latest/1040x760/1630167.png
1626157,Towns,Karl-Anthony,Karl-Anthony Towns,True,https://cdn.nba.com/headshots/nba/latest/1040x760/1626157.png
1629018,Trent Jr,Gary,Gary Trent Jr,True,https://cdn.nba.com/headshots/nba/latest/1040x760/1629018.png
1631131,Tshiebwe,Oscar,Oscar Tshiebwe,True,https://cdn.nba.com/headshots/nba/latest/1040x760/1631131.png
200782,Tucker,P.J.,P.J. Tucker,True,https://cdn.nba.com/headshots/nba/latest/1040x760/200782.png
1626167,Turner,Myles,Myles Turner,True,https://cdn.nba.com/headshots/nba/latest/1040x760/1626167.png
1641816,Tyson,Hunter,Hunter Tyson,True,https://cdn.nba.com/headshots/nba/latest/1040x760/1641816.png
1630649,Umude,Stanley,Stanley Umude,True,https://cdn.nba.com/headshots/nba/latest/1040x760/1630649.png
202685,Valanciunas,Jonas,Jonas Valanciunas,True,https://cdn.nba.com/headshots/nba/latest/1040x760/202685.png
1627832,VanVleet,Fred,Fred VanVleet,True,https://cdn.nba.com/headshots/nba/latest/1040x760/1627832.png
1629020,Vanderbilt,Jarred,Jarred Vanderbilt,True,https://cdn.nba.com/headshots/nba/latest/1040x760/1629020.png
1630170,Vassell,Devin,Devin Vassell,True,https://cdn.nba.com/headshots/nba/latest/1040x760/1630170.png
1628426,Vezenkov,Sasha,Sasha Vezenkov,True,https://cdn.nba.com/headshots/nba/latest/1040x760/1628426.png
1629216,Vincent,Gabe,Gabe Vincent,True,https://cdn.nba.com/headshots/nba/latest/1040x760/1629216.png
202696,Vucevic,Nikola,Nikola Vucevic,True,https://cdn.nba.com/headshots/nba/latest/1040x760/202696.png
1629731,Wade,Dean,Dean Wade,True,https://cdn.nba.com/headshots/nba/latest/1040x760/1629731.png
1630532,Wagner,Franz,Franz Wagner,True,https://cdn.nba.com/headshots/nba/latest/1040x760/1630532.png
1629021,Wagner,Moritz,Moritz Wagner,True,https://cdn.nba.com/headshots/nba/latest/1040x760/1629021.png
1630688,Wainright,Ish,Ish Wainright,True,https://cdn.nba.com/headshots/nba/latest/1040x760/1630688.png
1631133,Walker,Jabari,Jabari Walker,True,https://cdn.nba.com/headshots/nba/latest/1040x760/1631133.png
1641716,Walker,Jarace,Jarace Walker,True,https://cdn.nba.com/headshots/nba/latest/1040x760/1641716.png
1629022,Walker IV,Lonnie,Lonnie Walker IV,True,https://cdn.nba.com/headshots/nba/latest/1040x760/1629022.png
1641717,Wallace,Cason,Cason Wallace,True,https://cdn.nba.com/headshots/nba/latest/1040x760/1641717.png
1641775,Walsh,Jordan,Jordan Walsh,True,https://cdn.nba.com/headshots/nba/latest/1040x760/1641775.png
1629023,Washington,P.J.,P.J. Washington,True,https://cdn.nba.com/headshots/nba/latest/1040x760/1629023.png
1630613,Washington Jr,Duane,Duane Washington Jr,True,https://cdn.nba.com/headshots/nba/latest/1040x760/1630613.png
1631102,Washington,TyTy,TyTy Washington,True,https://cdn.nba.com/headshots/nba/latest/1040x760/1631102.png
1629139,Watanabe,Yuta,Yuta Watanabe,True,https://cdn.nba.com/headshots/nba/latest/1040x760/1629139.png
1630322,Waters,Lindy,Lindy Waters,True,https://cdn.nba.com/headshots/nba/latest/1040x760/1630322.png
1630570,Watford,Trendon,Trendon Watford,True,https://cdn.nba.com/headshots/nba/latest/1040x760/1630570.png
1631212,Watson,Peyton,Peyton Watson,True,https://cdn.nba.com/headshots/nba/latest/1040x760/1631212.png
1641705,Wembanyama,Victor,Victor Wembanyama,True,https://cdn.nba.com/headshots/nba/latest/1040x760/1641705.png
1631104,Wesley,Blake,Blake Wesley,True,https://cdn.nba.com/headshots/nba/latest/1040x760/1631104.png
201566,Westbrook,Russell,Russell Westbrook,True,https://cdn.nba.com/headshots/nba/latest/1040x760/201566.png
1629632,White,Coby,Coby White,True,https://cdn.nba.com/headshots/nba/latest/1040x760/1629632.png
1628401,White,Derrick,Derrick White,True,https://cdn.nba.com/headshots/nba/latest/1040x760/1628401.png
1641727,Whitehead,Dariq,Dariq Whitehead,True,https://cdn.nba.com/headshots/nba/latest/1040x760/1641727.png
1641715,Whitmore,Cam,Cam Whitmore,True,https://cdn.nba.com/headshots/nba/latest/1040x760/1641715.png
1630598,Wiggins,Aaron,Aaron Wiggins,True,https://cdn.nba.com/headshots/nba/latest/1040x760/1630598.png
203952,Wiggins,Andrew,Andrew Wiggins,True,https://cdn.nba.com/headshots/nba/latest/1040x760/203952.png
1629623,Wigginton,Lindell,Lindell Wigginton,True,https://cdn.nba.com/headshots/nba/latest/1040x760/1629623.png
1629684,Williams,Grant,Grant Williams,True,https://cdn.nba.com/headshots/nba/latest/1040x760/1629684.png
1631114,Williams,Jalen,Jalen Williams,True,https://cdn.nba.com/headshots/nba/latest/1040x760/1631114.png
1631119,Williams,Jaylin,Jaylin Williams,True,https://cdn.nba.com/headshots/nba/latest/1040x760/1631119.png
1629026,Williams,Kenrich,Kenrich Williams,True,https://cdn.nba.com/headshots/nba/latest/1040x760/1629026.png
1631109,Williams,Mark,Mark Williams,True,https://cdn.nba.com/headshots/nba/latest/1040x760/1631109.png
1631466,Williams,Nate,Nate Williams,True,https://cdn.nba.com/headshots/nba/latest/1040x760/1631466.png
1630172,Williams,Patrick,Patrick Williams,True,https://cdn.nba.com/headshots/nba/latest/1040x760/1630172.png
1630533,Williams,Ziaire,Ziaire Williams,True,https://cdn.nba.com/headshots/nba/latest/1040x760/1630533.png
1629057,Williams,Robert,Robert Williams,True,https://cdn.nba.com/headshots/nba/latest/1040x760/1629057.png
1631246,Williams Jr,Vince,Vince Williams Jr,True,https://cdn.nba.com/headshots/nba/latest/1040x760/1631246.png
1629627,Williamson,Zion,Zion Williamson,True,https://cdn.nba.com/headshots/nba/latest/1040x760/1629627.png
1630592,Wilson,Jalen,Jalen Wilson,True,https://cdn.nba.com/headshots/nba/latest/1040x760/1630592.png
1629685,Windler,Dylan,Dylan Windler,True,https://cdn.nba.com/headshots/nba/latest/1040x760/1629685.png
1630164,Wiseman,James,James Wiseman,True,https://cdn.nba.com/headshots/nba/latest/1040x760/1630164.png
1631209,Wong,Isaiah,Isaiah Wong,True,https://cdn.nba.com/headshots/nba/latest/1040x760/1631209.png
1626174,Wood,Christian,Christian Wood,True,https://cdn.nba.com/headshots/nba/latest/1040x760/1626174.png
1626153,Wright,Delon,Delon Wright,True,https://cdn.nba.com/headshots/nba/latest/1040x760/1626153.png
201152,Young,Thaddeus,Thaddeus Young,True,https://cdn.nba.com/headshots/nba/latest/1040x760/201152.png
1629027,Young,Trae,Trae Young,True,https://cdn.nba.com/headshots/nba/latest/1040x760/1629027.png
1630209,Yurtseven,Omer,Omer Yurtseven,True,https://cdn.nba.com/headshots/nba/latest/1040x760/1630209.png
203469,Zeller,Cody,Cody Zeller,True,https://cdn.nba.com/headshots/nba/latest/1040x760/203469.png
1627826,Zubac,Ivica,Ivica Zubac,True,https://cdn.nba.com/headshots/nba/latest/1040x760/1627826.png
